<?xml version="1.0" encoding="UTF-8"?>
<missatge>
    <remitent>
        <nom>Alfredo Reino </nom>
        <email> alf@ramis.com </email>
    </remitent>
    <destinatari>
        <nom>Bill Clinton </nom>
        <email> president@whitehouse.gov </email>
    </destinatari>
    <assumpte> Hola Bill </assumpte>
    <text>
        <paragraf1> Hola, com va? </paragraf1>
        <paragraf2> Fa molt de temps que no escrius. A veure si telefones i quedem aviat</paragraf2>
        <paragraf3> Salutacions </paragraf3>
    </text>
</missatge>