<?xml version="1.0" encoding="UTF-8"?>
<CDs_en_oferta>
    <CD1>
        <titol> Still got the blues </titol>
        <artista> Gary Moore </artista>
        <pais> UK </pais>
        <companyia_discografica> Virgin records </companyia_discografica>
        <preu> 10.20 </preu>
        <any_publicacio> 1990 </any_publicacio>
    </CD1>
    <CD2>
        <titol> One nigth only </titol>
        <artista> Bee Gees </artista>
        <pais> UK </pais>
        <companyia_discografica> Polydor </companyia_discografica>
        <preu> 10.90 </preu>
        <any_publicacio> 1998 </any_publicacio>
    </CD2>
    <CD3>
        <titol> When a man loves a woman </titol>
        <artista> Percy Sledge </artista>
        <pais> USA </pais>
        <companyia_discografica> Atlantic </companyia_discografica>
        <preu> 8.70 </preu>
        <any_publicacio> 1987 </any_publicacio>
    </CD3>
    <CD4>
        <titol> Big Whillie style </titol>
        <artista> Will Smith </artista>
        <pais> USA </pais>
        <companyia_discografica> Columbia </companyia_discografica>
        <preu> 9.90 </preu>
        <any_publicacio> 1997 </any_publicacio>
    </CD4>
    <CD5>
        <titol> La cancion de Juan Perro </titol>
        <artista> Radio Futura </artista>
        <pais> España </pais>
        <companyia_discografica> Sony Music-Ariola </companyia_discografica>
        <preu> 7.90 </preu>
        <any_publicacio> 1987 </any_publicacio>
    </CD5>
    <CD6>
        <titol> The dock of the bay </titol>
        <artista> Otis Redding </artista>
        <pais> USA </pais>
        <companyia_discografica> Atlantic </companyia_discografica>
        <preu> 7.90 </preu>
        <any_publicacio> 1987 </any_publicacio>
    </CD6>

</CDs_en_oferta>